Movie,Actors
Black Adam,"Dwayne Johnson,Aldis Hodge"
Gemini Man,Will Smith
Pirates of the Caribbean,"Johnny Depp,Orlando Bloom"
Mission: Impossible,"Tom Cruise,Rebecca Ferguson"
Hobbs & Shaw,"Dwayne Johnson,Jason Statham"
Avengers,"Robert Downey Jr.,Chris Evans"
AMAZING SPIDER-MAN,"Andrew Garfield,Emma Stone"
Batman v Superman,"Henry Cavil,Ben Affleck"
Suicide Squad,"Ben Affleck,Margot Robbie"
THE SUICIDE SQUAD,"John Cena,Margot Robbie"
BIRDS OF PREY,"Margot Robbie,Rosie Perez"
Inception,"Leonardo DiCaprio,Tom Hardy"
The Matrix,"Keanu Reeves,Carrie-Anne Moss"
John Wick,Keanu Reeves
Dune,"Rebecca Ferguson,Jason Momoa"
Man of Steel,"Henry Cavil,Christopher Meloni"
Transformers,"Mark Wahlberg,Megan Fox"
Harry Potter,"Daniel Radcliffe,Emma Watson"
Fast and Furious,"Paul Walker,Vin Diesel"
Fast & Furious,"Paul Walker,Vin Diesel"
FAST X,"Paul Walker,Vin Diesel"
Aquaman,"Jason Momoa,Amber Heard"
Baywatch,"Dwayne Johnson,Alexandra Daddario"
The Lord of the Rings,"Elijah Wood,Ian McKellen"
The Dark Knight,"Christian Bale,Heath Ledger"
Titanic,"Leonardo DiCaprio,Kate Winslet"
The Wolf of Wall Street,"Leonardo DiCaprio,Margot Robbie"
Interstellar,"Matthew McConaughey,Anne Hathaway"
Avatar,"Sam Worthington,Zoe Saldana"
The Twilight Saga,"Kristen Stewart,Robert Pattinson"
